{"rte": [[2019.3332071510115, 68.85844155844156], [2019.4467205416754, 85.96493506493506], [2019.5655136249284, 79.04545454545455], [2019.573433163812, 88.27142857142857], [2019.58399254899, 80.1987012987013], [2019.58399254899, 74.81688311688312], [2019.774061482195, 62.9], [2019.784620867373, 89.23246753246752], [2019.8057396377292, 62.9], [2019.8770154876809, 69.81948051948052], [2019.8770154876809, 80.1987012987013], [2019.8770154876809, 87.11818181818182], [2019.8770154876809, 91.15454545454546], [2019.8770154876809, 92.5], [2020.6214521427335, 69.05064935064935], [2020.6953678389798, 73.27922077922078], [2020.83, 75.00909090909092]], "sst2": [[2013.8090385889584, 83.09643243243244], [2013.8090385889584, 85.40345945945947], [2014.6940863946518, 88.1718918918919], [2015.18971316584, 86.32627027027027], [2015.18971316584, 88.1718918918919], [2015.5083303758897, 88.6332972972973], [2015.9213526852132, 87.9411891891892], [2016.2281692578536, 89.3254054054054], [2016.534985830494, 89.78681081081082], [2016.8890049527713, 89.5561081081081], [2017.2548247124578, 91.86313513513514], [2017.5026380980519, 91.40172972972974], [2017.5734419225073, 90.47891891891892], [2017.5734419225073, 54.72], [2017.892059132557, 93.24735135135136], [2018.2106763426066, 86.78767567567567], [2018.2106763426066, 87.24908108108109], [2018.3404833541083, 91.86313513513514], [2018.3404833541083, 91.40172972972974], [2018.3640846289268, 84.48064864864865], [2018.3994865411546, 87.71048648648649], [2018.3994865411546, 87.24908108108109], [2018.4584897282007, 87.01837837837839], [2018.5528948274746, 78.94378378378379], [2018.6236986519302, 90.01751351351352], [2018.6472999267487, 91.40172972972974], [2018.6591005641578, 81.2508108108108], [2018.6591005641578, 82.40432432432434], [2018.8833126749334, 90.94032432432434], [2019.0367209612536, 95.78508108108109], [2019.1665279727554, 94.63156756756757], [2019.3199362590756, 93.47805405405407], [2019.3553381713034, 87.01837837837839], [2019.4143413583495, 97.1692972972973], [2019.5087464576234, 94.86227027027027], [2019.5087464576234, 96.7078918918919], [2019.5205470950327, 95.09297297297297], [2019.5677496446697, 87.9411891891892], [2019.673955381353, 97.1692972972973], [2019.673955381353, 92.78594594594594], [2019.6975566561714, 91.40172972972974], [2019.6975566561714, 93.24735135135136], [2019.7447592058084, 97.4], [2019.7447592058084, 91.86313513513514], [2019.7447592058084, 95.32367567567567], [2019.7447592058084, 96.4771891891892], [2019.7447592058084, 97.1692972972973], [2020.1341802403135, 96.7078918918919], [2020.3937942633167, 91.40172972972974], [2020.5, 94.63156756756757]], "cifar10": [[2012.0787181186113, 88.84880952380952], [2012.4091359660702, 90.46964285714286], [2012.4720726989194, 84.44940476190476], [2012.8811614624399, 79.81845238095238], [2012.8811614624399, 89.08035714285714], [2013.0070349281384, 84.9125], [2013.1014400274125, 90.70119047619048], [2013.9353517376658, 90.70119047619048], [2013.9353517376658, 91.39583333333333], [2014.2500354019123, 78.66071428571429], [2014.4231114172478, 82.36547619047619], [2014.5017823333094, 90.9327380952381], [2014.6905925318574, 91.85892857142858], [2014.6905925318574, 93.71130952380952], [2014.8951369136175, 82.13392857142857], [2014.9423394632545, 96.48988095238096], [2014.9423394632545, 86.76488095238096], [2014.9423394632545, 95.79523809523809], [2014.9423394632545, 92.55357142857143], [2015.1154154785902, 93.71130952380952], [2015.1783522114395, 75.88214285714285], [2015.304225677138, 87.69107142857143], [2015.3199598603503, 88.84880952380952], [2015.3356940435626, 89.775], [2015.4143649596244, 91.39583333333333], [2015.4143649596244, 92.32202380952381], [2015.5245042421107, 92.55357142857143], [2015.5559726085353, 91.62738095238095], [2015.7290486238708, 94.17440476190475], [2015.8077195399326, 91.85892857142858], [2015.8391879063572, 93.47976190476192], [2015.8549220895695, 82.82857142857142], [2015.8549220895695, 80.74464285714286], [2015.8549220895695, 93.24821428571428], [2015.8549220895695, 94.40595238095239], [2015.8706562727818, 93.47976190476192], [2016.1853399370284, 95.56369047619049], [2016.216808303453, 94.86904761904762], [2016.26401085309, 94.40595238095239], [2016.3741501355762, 96.25833333333333], [2016.6258970669735, 95.56369047619049], [2016.6258970669735, 96.72142857142858], [2016.751770532672, 96.72142857142858], [2016.8304414487336, 96.48988095238096], [2017.0507200137063, 91.85892857142858], [2017.1451251129802, 95.79523809523809], [2017.1451251129802, 94.6375], [2017.3811378611651, 94.40595238095239], [2017.522745510076, 94.6375], [2017.6643531589868, 97.87916666666666], [2017.7272898918363, 96.72142857142858], [2017.7430240750487, 89.08035714285714], [2017.805960807898, 89.54345238095237], [2017.805960807898, 97.41607142857143], [2018.1206444721445, 96.48988095238096], [2018.1835812049937, 97.18452380952381], [2018.1835812049937, 96.95297619047619], [2018.3251888539046, 91.39583333333333], [2018.4353281363908, 97.64761904761905], [2018.8601510831236, 99.03690476190476], [2018.9073536327608, 98.1107142857143], [2019.0332270984593, 96.48988095238096], [2019.064695464884, 97.87916666666666], [2019.1433663809455, 97.64761904761905], [2019.1905689305825, 96.72142857142858], [2019.222037297007, 95.10059523809524], [2019.2377714802194, 60.6], [2019.2535056634317, 94.17440476190475], [2019.3164423962812, 98.3422619047619], [2019.3321765794935, 95.10059523809524], [2019.3479107627059, 97.18452380952381], [2019.3951133123428, 99.03690476190476], [2019.505252594829, 95.10059523809524], [2019.5209867780413, 96.72142857142858], [2019.6311260605275, 92.0904761904762], [2019.6311260605275, 94.17440476190475], [2019.835670442288, 93.94285714285715], [2019.8828729919248, 98.1107142857143], [2019.9772780911987, 99.5], [2019.9772780911987, 99.03690476190476], [2020.0402148240482, 97.64761904761905], [2020.0559490072606, 94.40595238095239], [2020.1503541065345, 98.80535714285713], [2020.229025022596, 99.03690476190476], [2020.2447592058084, 98.1107142857143], [2020.3391643050822, 97.64761904761905], [2020.3391643050822, 98.3422619047619], [2020.3548984882946, 98.1107142857143], [2020.3548984882946, 98.57380952380953], [2020.3548984882946, 97.41607142857143], [2020.3548984882946, 98.3422619047619], [2020.512240320418, 98.3422619047619], [2020.512240320418, 91.39583333333333], [2020.5751770532672, 98.57380952380953], [2021.0, 99.5]]}