{"vgg": {"sigma": 0.0038587266034276133, "sigma_epsilon": {"5": {"weights_init": 0.0037468479819709783, "bootstrap": 0.002601947309228216, "biased": 0.0026776752603704587, "simul-fix": 0.011935076070138812, "simul-free": 0.01214477047127693}, "10": {"weights_init": 0.003788825101532138, "bootstrap": 0.002819233388706935, "biased": 0.0028416637556192307, "simul-fix": 0.018664219697056717, "simul-free": 0.007546229714234784}, "20": {"weights_init": 0.0037149636118675527, "bootstrap": 0.0029887953488822163, "biased": 0.0029085598154413163, "simul-fix": 0.01191504740391326, "simul-free": 0.006938436617855636}, "50": {"weights_init": 0.0036950767975780976, "bootstrap": 0.0029716482783128965, "biased": 0.0029834519637493727, "simul-fix": 0.007386690329234065, "simul-free": 0.006488905507864944}, "100": {"weights_init": 0.0037139837950642732, "bootstrap": 0.002901382804801877, "biased": 0.0029815245345292734, "simul-fix": 0.007598235534484304, "simul-free": 0.006879530254130743}}, "delta": 0.00239999999999998}, "segmentation": {"sigma": 0.01364016356475685, "sigma_epsilon": {"5": {"weights_init": 0.014197505787903065, "bootstrap": NaN, "biased": NaN, "simul-fix": 0.04370294531631987, "simul-free": 0.0430207787094886}, "10": {"weights_init": 0.014635526999080863, "bootstrap": 0.009169522912174299, "biased": 0.00300528536872299, "simul-fix": 0.04045045508748106, "simul-free": 0.03338405364727776}, "20": {"weights_init": 0.014569838402946513, "bootstrap": 0.0050863406941627195, "biased": NaN, "simul-fix": 0.045254576867323634, "simul-free": 0.038313608084242834}, "50": {"weights_init": 0.014569838402946513, "bootstrap": 0.0050863406941627195, "biased": NaN, "simul-fix": 0.045254576867323634, "simul-free": 0.038313608084242834}, "100": {"weights_init": 0.014569838402946513, "bootstrap": 0.0050863406941627195, "biased": NaN, "simul-fix": 0.045254576867323634, "simul-free": 0.038313608084242834}}, "delta": 0.005199934148586838}, "bert-sst2": {"sigma": 0.007230984643794588, "sigma_epsilon": {"5": {"weights_init": 0.007079319791369601, "bootstrap": 0.002182033561119295, "biased": 0.0018811029114426557, "simul-fix": 0.010096634021269172, "simul-free": 0.004296312633675024}, "10": {"weights_init": 0.00749651903049926, "bootstrap": 0.003341104301214943, "biased": 0.0030737426461052066, "simul-fix": 0.010739359091303961, "simul-free": 0.00727262738494843}, "20": {"weights_init": 0.007736705766001706, "bootstrap": 0.0029615708571623205, "biased": 0.0027537618304372684, "simul-fix": 0.010047324433889756, "simul-free": 0.004774468280225738}, "50": {"weights_init": 0.00807526707720474, "bootstrap": 0.0026569552761173125, "biased": 0.0025523036390932047, "simul-fix": 0.010074846966911697, "simul-free": 0.005039609293346462}, "100": {"weights_init": 0.008082321117309485, "bootstrap": 0.0025002172716156908, "biased": 0.0023561653423948142, "simul-fix": 0.010289069004537547, "simul-free": 0.005308315761479108}}, "delta": 0.0022547914317925465}, "bert-rte": {"sigma": 0.03106489279790529, "sigma_epsilon": {"5": {"weights_init": 0.015443872857086973, "bootstrap": 0.018883309821121578, "biased": 0.011509668459032896, "simul-fix": 0.02691407287545299, "simul-free": 0.010733611502158236}, "10": {"weights_init": 0.017821997202984764, "bootstrap": 0.015376874812780949, "biased": 0.012657453641541463, "simul-fix": 0.026011504236466598, "simul-free": 0.014905557492096377}, "20": {"weights_init": 0.01804270181738927, "bootstrap": 0.016663639722174082, "biased": 0.012338833157381577, "simul-fix": 0.0247707417466367, "simul-free": 0.011057066178765082}, "50": {"weights_init": 0.018990359394996315, "bootstrap": 0.017787415027272754, "biased": 0.010705262887699995, "simul-fix": 0.0231774081390005, "simul-free": 0.008875818911350019}, "100": {"weights_init": 0.019679996407480336, "bootstrap": 0.016605329969896252, "biased": 0.009793463818198588, "simul-fix": 0.02317739857973321, "simul-free": 0.008861575971852885}}, "delta": 0.026714801444043323}, "bio-task2": {"sigma": 0.02222856019590541, "sigma_epsilon": {"5": {"weights_init": 0.01563224587456867, "bootstrap": 0.007715238732555513, "biased": 0.006894999676729956, "simul-fix": 0.016273782567037574, "simul-free": 0.006135712940627631}, "10": {"weights_init": 0.01623553796160247, "bootstrap": 0.008849012602586873, "biased": 0.0031573430561660765, "simul-fix": 0.017852035053095353, "simul-free": 0.008739071802030329}, "20": {"weights_init": 0.015815725472947028, "bootstrap": 0.009657927367124617, "biased": 0.006183005131909478, "simul-fix": 0.017329134209218684, "simul-free": 0.007488068021956403}, "50": {"weights_init": 0.017115538729596654, "bootstrap": 0.007942199895348159, "biased": 0.003110392416555048, "simul-fix": 0.01736595239357186, "simul-free": 0.004912621104873671}, "100": {"weights_init": 0.017535890321195263, "bootstrap": 0.008260710130930125, "biased": 0.0014518065875762257, "simul-fix": 0.01707925792456508, "simul-free": 0.0033498489912092014}}, "delta": 0.019799564270152524}}